[{"model": "auth.user", "pk": 1, "fields": {"password": "pbkdf2_sha256$600000$eNwERvCqM34xxyn2DCcLCs$6PMc/aQvnD8wf6r77S6DHQltgWQviauSRBBjSppZ+eI=", "last_login": "2025-05-07T12:30:48.323Z", "is_superuser": true, "username": "admin", "first_name": "", "last_name": "", "email": "admin@elevage.fr", "is_staff": true, "is_active": true, "date_joined": "2025-04-09T13:33:29.803Z", "groups": [], "user_permissions": []}}, {"model": "auth.user", "pk": 2, "fields": {"password": "pbkdf2_sha256$600000$rNVad8fxSY0idc1gnUGH7M$8D9ybkRFHywdhr6SfS1NYCkRUnHCO5k0eq3D1pzurTo=", "last_login": "2025-05-05T12:22:17.473Z", "is_superuser": false, "username": "bb", "first_name": "barbie", "last_name": "chaite", "email": "", "is_staff": false, "is_active": true, "date_joined": "2025-05-02T23:38:19Z", "groups": [], "user_permissions": []}}, {"model": "auth.user", "pk": 3, "fields": {"password": "pbkdf2_sha256$600000$LqRxJGY6DBrqRU7Uye5HwT$EiN+C4jb94E2xYGAcrfKHk6nw0yeHHAJMa5c7iNKiCU=", "last_login": "2025-05-05T12:28:44.517Z", "is_superuser": false, "username": "alex12", "first_name": "Alexandre", "last_name": "Kneip", "email": "alex.kneip@gmail.com", "is_staff": false, "is_active": true, "date_joined": "2025-05-04T13:36:21.577Z", "groups": [], "user_permissions": []}}, {"model": "auth.user", "pk": 4, "fields": {"password": "pbkdf2_sha256$600000$u5UV6h3l55xQAOXmbMa979$/+90wvPqOv3hR7Gy0Jin65HCGIgLZGeer25h84bQYiw=", "last_login": "2025-05-04T15:47:30.794Z", "is_superuser": false, "username": "test", "first_name": "test", "last_name": "test", "email": "test@test.fr", "is_staff": false, "is_active": true, "date_joined": "2025-05-04T15:05:54.246Z", "groups": [], "user_permissions": []}}, {"model": "lapin.elevage", "pk": 1, "fields": {"difficulte": "moyen", "nom_joueur": "perrine", "nombre_males": 2, "nombre_femelles": 3, "quantite_nourriture": 500, "nombre_cages": 2, "argent": "1000.00", "date_creation": "2025-04-09T13:57:20.438Z", "tour": 2, "fin_du_jeu": true, "utilisateur": null, "a_ajoute_ressources_tour": null}}, {"model": "lapin.elevage", "pk": 2, "fields": {"difficulte": "moyen", "nom_joueur": "Mike", "nombre_males": 7, "nombre_femelles": 0, "quantite_nourriture": 5000, "nombre_cages": 4, "argent": "11111111.00", "date_creation": "2025-04-09T14:47:46.204Z", "tour": 4, "fin_du_jeu": true, "utilisateur": null, "a_ajoute_ressources_tour": null}}, {"model": "lapin.elevage", "pk": 3, "fields": {"difficulte": "moyen", "nom_joueur": "Isa", "nombre_males": 2, "nombre_femelles": 6, "quantite_nourriture": 15000, "nombre_cages": 5, "argent": "10643.00", "date_creation": "2025-04-09T14:48:09.774Z", "tour": 2, "fin_du_jeu": true, "utilisateur": null, "a_ajoute_ressources_tour": null}}, {"model": "lapin.elevage", "pk": 4, "fields": {"difficulte": "moyen", "nom_joueur": "troll", "nombre_males": 2, "nombre_femelles": 2, "quantite_nourriture": 6000, "nombre_cages": 3, "argent": "5000.00", "date_creation": "2025-04-09T15:30:30.561Z", "tour": 2, "fin_du_jeu": true, "utilisateur": null, "a_ajoute_ressources_tour": null}}, {"model": "lapin.elevage", "pk": 5, "fields": {"difficulte": "moyen", "nom_joueur": "dorian", "nombre_males": 4, "nombre_femelles": 2, "quantite_nourriture": 25000, "nombre_cages": 4, "argent": "6000.00", "date_creation": "2025-04-09T18:35:24.015Z", "tour": 2, "fin_du_jeu": true, "utilisateur": null, "a_ajoute_ressources_tour": null}}, {"model": "lapin.elevage", "pk": 6, "fields": {"difficulte": "moyen", "nom_joueur": "thibault", "nombre_males": 2, "nombre_femelles": 5, "quantite_nourriture": 1000, "nombre_cages": 2, "argent": "60000.00", "date_creation": "2025-04-09T18:36:58.905Z", "tour": 2, "fin_du_jeu": true, "utilisateur": null, "a_ajoute_ressources_tour": null}}, {"model": "lapin.elevage", "pk": 7, "fields": {"difficulte": "moyen", "nom_joueur": "thibault", "nombre_males": 2, "nombre_femelles": 5, "quantite_nourriture": 1000, "nombre_cages": 2, "argent": "60000.00", "date_creation": "2025-04-09T18:37:54.649Z", "tour": 2, "fin_du_jeu": true, "utilisateur": null, "a_ajoute_ressources_tour": null}}, {"model": "lapin.elevage", "pk": 8, "fields": {"difficulte": "moyen", "nom_joueur": "test", "nombre_males": 2, "nombre_femelles": 2, "quantite_nourriture": 19000, "nombre_cages": 12, "argent": "4710.00", "date_creation": "2025-04-10T08:16:56.600Z", "tour": 2, "fin_du_jeu": true, "utilisateur": null, "a_ajoute_ressources_tour": null}}, {"model": "lapin.elevage", "pk": 9, "fields": {"difficulte": "moyen", "nom_joueur": "testv2", "nombre_males": 3, "nombre_femelles": 0, "quantite_nourriture": 2, "nombre_cages": 3, "argent": "0.00", "date_creation": "2025-04-10T09:11:44.895Z", "tour": 2, "fin_du_jeu": true, "utilisateur": null, "a_ajoute_ressources_tour": null}}, {"model": "lapin.elevage", "pk": 10, "fields": {"difficulte": "moyen", "nom_joueur": "Pepe", "nombre_males": 1, "nombre_femelles": 1, "quantite_nourriture": 50100, "nombre_cages": 2, "argent": "9999998.00", "date_creation": "2025-04-10T10:27:43.299Z", "tour": 2, "fin_du_jeu": true, "utilisateur": null, "a_ajoute_ressources_tour": null}}, {"model": "lapin.elevage", "pk": 11, "fields": {"difficulte": "moyen", "nom_joueur": "Thomas", "nombre_males": 4, "nombre_femelles": 26, "quantite_nourriture": 5000, "nombre_cages": 10, "argent": "500.00", "date_creation": "2025-04-12T11:52:39.099Z", "tour": 2, "fin_du_jeu": true, "utilisateur": null, "a_ajoute_ressources_tour": null}}, {"model": "lapin.elevage", "pk": 12, "fields": {"difficulte": "moyen", "nom_joueur": "test", "nombre_males": 2, "nombre_femelles": 2, "quantite_nourriture": 1000, "nombre_cages": 2, "argent": "100.00", "date_creation": "2025-04-12T12:28:18.559Z", "tour": 2, "fin_du_jeu": true, "utilisateur": null, "a_ajoute_ressources_tour": null}}, {"model": "lapin.elevage", "pk": 13, "fields": {"difficulte": "moyen", "nom_joueur": "test", "nombre_males": 2, "nombre_femelles": 2, "quantite_nourriture": 500, "nombre_cages": 2, "argent": "0.00", "date_creation": "2025-04-12T12:31:21.479Z", "tour": 2, "fin_du_jeu": true, "utilisateur": null, "a_ajoute_ressources_tour": null}}, {"model": "lapin.elevage", "pk": 14, "fields": {"difficulte": "moyen", "nom_joueur": "test", "nombre_males": 2, "nombre_femelles": 2, "quantite_nourriture": 8977000, "nombre_cages": 1, "argent": "990.00", "date_creation": "2025-04-12T12:34:21.615Z", "tour": 2, "fin_du_jeu": false, "utilisateur": null, "a_ajoute_ressources_tour": null}}, {"model": "lapin.elevage", "pk": 15, "fields": {"difficulte": "moyen", "nom_joueur": "testament", "nombre_males": 2, "nombre_femelles": 2, "quantite_nourriture": 5500, "nombre_cages": 1, "argent": "100.00", "date_creation": "2025-04-12T23:13:39.488Z", "tour": 2, "fin_du_jeu": true, "utilisateur": null, "a_ajoute_ressources_tour": null}}, {"model": "lapin.elevage", "pk": 16, "fields": {"difficulte": "moyen", "nom_joueur": "testamentv2", "nombre_males": 2, "nombre_femelles": 2, "quantite_nourriture": 500, "nombre_cages": 1, "argent": "0.00", "date_creation": "2025-04-12T23:14:52.099Z", "tour": 2, "fin_du_jeu": true, "utilisateur": null, "a_ajoute_ressources_tour": null}}, {"model": "lapin.elevage", "pk": 17, "fields": {"difficulte": "moyen", "nom_joueur": "testv5", "nombre_males": 1, "nombre_femelles": 3, "quantite_nourriture": 5000, "nombre_cages": 1, "argent": "0.00", "date_creation": "2025-04-12T23:16:15.844Z", "tour": 2, "fin_du_jeu": true, "utilisateur": null, "a_ajoute_ressources_tour": null}}, {"model": "lapin.elevage", "pk": 18, "fields": {"difficulte": "moyen", "nom_joueur": "test32", "nombre_males": 1, "nombre_femelles": 1, "quantite_nourriture": 96500, "nombre_cages": 1, "argent": "0.00", "date_creation": "2025-04-12T23:38:55.943Z", "tour": 10, "fin_du_jeu": false, "utilisateur": null, "a_ajoute_ressources_tour": null}}, {"model": "lapin.elevage", "pk": 19, "fields": {"difficulte": "moyen", "nom_joueur": "test23", "nombre_males": 1, "nombre_femelles": 1, "quantite_nourriture": 1000, "nombre_cages": 1, "argent": "100.00", "date_creation": "2025-04-12T23:40:49.008Z", "tour": 16, "fin_du_jeu": true, "utilisateur": null, "a_ajoute_ressources_tour": null}}, {"model": "lapin.elevage", "pk": 20, "fields": {"difficulte": "moyen", "nom_joueur": "test21", "nombre_males": 1, "nombre_femelles": 0, "quantite_nourriture": 1000, "nombre_cages": 1, "argent": "200.00", "date_creation": "2025-04-13T00:14:32.399Z", "tour": 1, "fin_du_jeu": true, "utilisateur": null, "a_ajoute_ressources_tour": null}}, {"model": "lapin.elevage", "pk": 21, "fields": {"difficulte": "moyen", "nom_joueur": "ouioui", "nombre_males": 2, "nombre_femelles": 0, "quantite_nourriture": 220000, "nombre_cages": 2, "argent": "510.00", "date_creation": "2025-04-13T00:24:21.129Z", "tour": 2, "fin_du_jeu": true, "utilisateur": null, "a_ajoute_ressources_tour": null}}, {"model": "lapin.elevage", "pk": 22, "fields": {"difficulte": "moyen", "nom_joueur": "yuo", "nombre_males": 2, "nombre_femelles": 0, "quantite_nourriture": 500, "nombre_cages": 1, "argent": "10.00", "date_creation": "2025-04-13T00:29:48.290Z", "tour": 2, "fin_du_jeu": true, "utilisateur": null, "a_ajoute_ressources_tour": null}}, {"model": "lapin.elevage", "pk": 23, "fields": {"difficulte": "moyen", "nom_joueur": "tyler", "nombre_males": 2, "nombre_femelles": 2, "quantite_nourriture": 1500, "nombre_cages": 1, "argent": "10000.00", "date_creation": "2025-04-13T09:15:18.207Z", "tour": 12, "fin_du_jeu": true, "utilisateur": null, "a_ajoute_ressources_tour": null}}, {"model": "lapin.elevage", "pk": 24, "fields": {"difficulte": "moyen", "nom_joueur": "coco", "nombre_males": 2, "nombre_femelles": 2, "quantite_nourriture": 5500, "nombre_cages": 1, "argent": "10000.00", "date_creation": "2025-04-13T09:22:58.586Z", "tour": 6, "fin_du_jeu": true, "utilisateur": null, "a_ajoute_ressources_tour": null}}, {"model": "lapin.elevage", "pk": 25, "fields": {"difficulte": "moyen", "nom_joueur": "ervr", "nombre_males": 2, "nombre_femelles": 2, "quantite_nourriture": 1000, "nombre_cages": 1, "argent": "0.00", "date_creation": "2025-04-13T09:28:43.462Z", "tour": 15, "fin_du_jeu": true, "utilisateur": null, "a_ajoute_ressources_tour": null}}, {"model": "lapin.elevage", "pk": 27, "fields": {"difficulte": "moyen", "nom_joueur": "okok", "nombre_males": 0, "nombre_femelles": 0, "quantite_nourriture": 0, "nombre_cages": 0, "argent": "2.00", "date_creation": "2025-04-13T09:54:39.350Z", "tour": 1, "fin_du_jeu": true, "utilisateur": null, "a_ajoute_ressources_tour": null}}, {"model": "lapin.elevage", "pk": 28, "fields": {"difficulte": "moyen", "nom_joueur": "okok", "nombre_males": 2, "nombre_femelles": 0, "quantite_nourriture": 49000, "nombre_cages": 1, "argent": "0.25", "date_creation": "2025-04-13T09:59:50.336Z", "tour": 6, "fin_du_jeu": true, "utilisateur": null, "a_ajoute_ressources_tour": null}}, {"model": "lapin.elevage", "pk": 29, "fields": {"difficulte": "moyen", "nom_joueur": "rve", "nombre_males": 2, "nombre_femelles": 2, "quantite_nourriture": 94000, "nombre_cages": 2, "argent": "555.00", "date_creation": "2025-04-13T10:09:23.454Z", "tour": 3, "fin_du_jeu": true, "utilisateur": null, "a_ajoute_ressources_tour": null}}, {"model": "lapin.elevage", "pk": 30, "fields": {"difficulte": "moyen", "nom_joueur": "zfzqe", "nombre_males": 2, "nombre_femelles": 2, "quantite_nourriture": 71000, "nombre_cages": 1, "argent": "0.00", "date_creation": "2025-04-13T10:18:25.231Z", "tour": 5, "fin_du_jeu": true, "utilisateur": null, "a_ajoute_ressources_tour": null}}, {"model": "lapin.elevage", "pk": 31, "fields": {"difficulte": "moyen", "nom_joueur": "ezfze", "nombre_males": 2, "nombre_femelles": 2, "quantite_nourriture": 5500, "nombre_cages": 1, "argent": "90.00", "date_creation": "2025-04-13T10:22:18.146Z", "tour": 6, "fin_du_jeu": true, "utilisateur": null, "a_ajoute_ressources_tour": null}}, {"model": "lapin.elevage", "pk": 32, "fields": {"difficulte": "moyen", "nom_joueur": "marco", "nombre_males": 2, "nombre_femelles": 2, "quantite_nourriture": 500, "nombre_cages": 1, "argent": "10000.00", "date_creation": "2025-04-13T10:52:17.980Z", "tour": 20, "fin_du_jeu": true, "utilisateur": null, "a_ajoute_ressources_tour": null}}, {"model": "lapin.elevage", "pk": 33, "fields": {"difficulte": "moyen", "nom_joueur": "testv", "nombre_males": 2, "nombre_femelles": 2, "quantite_nourriture": 3000, "nombre_cages": 1, "argent": "8000.00", "date_creation": "2025-04-13T11:10:56.816Z", "tour": 13, "fin_du_jeu": true, "utilisateur": null, "a_ajoute_ressources_tour": null}}, {"model": "lapin.elevage", "pk": 34, "fields": {"difficulte": "moyen", "nom_joueur": "testr", "nombre_males": 2, "nombre_femelles": 2, "quantite_nourriture": 500, "nombre_cages": 1, "argent": "0.00", "date_creation": "2025-04-13T15:01:54.068Z", "tour": 11, "fin_du_jeu": true, "utilisateur": null, "a_ajoute_ressources_tour": null}}, {"model": "lapin.elevage", "pk": 35, "fields": {"difficulte": "moyen", "nom_joueur": "katty", "nombre_males": 3, "nombre_femelles": 3, "quantite_nourriture": 500000, "nombre_cages": 1, "argent": "10000.00", "date_creation": "2025-04-13T19:05:35.826Z", "tour": 1, "fin_du_jeu": false, "utilisateur": null, "a_ajoute_ressources_tour": null}}, {"model": "lapin.elevage", "pk": 36, "fields": {"difficulte": "moyen", "nom_joueur": "testarg", "nombre_males": 2, "nombre_femelles": 2, "quantite_nourriture": 1000000, "nombre_cages": 1, "argent": "100.00", "date_creation": "2025-04-13T21:41:11.463Z", "tour": 1, "fin_du_jeu": false, "utilisateur": null, "a_ajoute_ressources_tour": null}}, {"model": "lapin.elevage", "pk": 37, "fields": {"difficulte": "moyen", "nom_joueur": "test arg", "nombre_males": 2, "nombre_femelles": 2, "quantite_nourriture": 500, "nombre_cages": 1, "argent": "100.00", "date_creation": "2025-04-13T21:45:18.198Z", "tour": 7, "fin_du_jeu": true, "utilisateur": null, "a_ajoute_ressources_tour": null}}, {"model": "lapin.elevage", "pk": 38, "fields": {"difficulte": "moyen", "nom_joueur": "test arg 2", "nombre_males": 2, "nombre_femelles": 2, "quantite_nourriture": 0, "nombre_cages": 19, "argent": "0.00", "date_creation": "2025-04-13T22:05:37.641Z", "tour": 9, "fin_du_jeu": true, "utilisateur": null, "a_ajoute_ressources_tour": null}}, {"model": "lapin.elevage", "pk": 39, "fields": {"difficulte": "moyen", "nom_joueur": "testf", "nombre_males": 2, "nombre_femelles": 2, "quantite_nourriture": 3000, "nombre_cages": 1, "argent": "8950.00", "date_creation": "2025-04-16T09:54:00.639Z", "tour": 15, "fin_du_jeu": true, "utilisateur": null, "a_ajoute_ressources_tour": null}}, {"model": "lapin.elevage", "pk": 40, "fields": {"difficulte": "moyen", "nom_joueur": "final", "nombre_males": 2, "nombre_femelles": 2, "quantite_nourriture": 123100, "nombre_cages": 1, "argent": "1099.00", "date_creation": "2025-04-21T10:03:39.220Z", "tour": 8, "fin_du_jeu": false, "utilisateur": null, "a_ajoute_ressources_tour": null}}, {"model": "lapin.elevage", "pk": 41, "fields": {"difficulte": "moyen", "nom_joueur": "Test", "nombre_males": 2, "nombre_femelles": 2, "quantite_nourriture": 1000, "nombre_cages": 1, "argent": "50.00", "date_creation": "2025-04-25T14:14:31.407Z", "tour": 15, "fin_du_jeu": true, "utilisateur": null, "a_ajoute_ressources_tour": null}}, {"model": "lapin.elevage", "pk": 42, "fields": {"difficulte": "moyen", "nom_joueur": "papacito", "nombre_males": 2, "nombre_femelles": 2, "quantite_nourriture": 500000, "nombre_cages": 1, "argent": "20000.00", "date_creation": "2025-05-04T15:02:38.784Z", "tour": 0, "fin_du_jeu": false, "utilisateur": ["alex12"], "a_ajoute_ressources_tour": null}}, {"model": "lapin.elevage", "pk": 43, "fields": {"difficulte": "moyen", "nom_joueur": "papatio", "nombre_males": 2, "nombre_femelles": 3, "quantite_nourriture": 500000, "nombre_cages": 1, "argent": "3000.00", "date_creation": "2025-05-04T15:04:11.027Z", "tour": 0, "fin_du_jeu": false, "utilisateur": ["bb"], "a_ajoute_ressources_tour": null}}, {"model": "lapin.elevage", "pk": 44, "fields": {"difficulte": "moyen", "nom_joueur": "test", "nombre_males": 0, "nombre_femelles": 0, "quantite_nourriture": 0, "nombre_cages": 0, "argent": "1000.00", "date_creation": "2025-05-04T15:06:10.254Z", "tour": 0, "fin_du_jeu": false, "utilisateur": ["test"], "a_ajoute_ressources_tour": null}}, {"model": "lapin.elevage", "pk": 45, "fields": {"difficulte": "moyen", "nom_joueur": "dz", "nombre_males": 0, "nombre_femelles": 0, "quantite_nourriture": 0, "nombre_cages": 0, "argent": "5.00", "date_creation": "2025-05-04T15:07:31.380Z", "tour": 0, "fin_du_jeu": false, "utilisateur": ["bb"], "a_ajoute_ressources_tour": null}}, {"model": "lapin.elevage", "pk": 46, "fields": {"difficulte": "moyen", "nom_joueur": "f", "nombre_males": 0, "nombre_femelles": 0, "quantite_nourriture": 0, "nombre_cages": 0, "argent": "650.00", "date_creation": "2025-05-04T15:07:41.430Z", "tour": 1, "fin_du_jeu": true, "utilisateur": ["bb"], "a_ajoute_ressources_tour": null}}, {"model": "lapin.elevage", "pk": 47, "fields": {"difficulte": "moyen", "nom_joueur": "bb", "nombre_males": 0, "nombre_femelles": 0, "quantite_nourriture": 0, "nombre_cages": 0, "argent": "1.00", "date_creation": "2025-05-04T15:18:09.307Z", "tour": 1, "fin_du_jeu": true, "utilisateur": ["bb"], "a_ajoute_ressources_tour": null}}, {"model": "lapin.elevage", "pk": 48, "fields": {"difficulte": "moyen", "nom_joueur": "es", "nombre_males": 0, "nombre_femelles": 0, "quantite_nourriture": 0, "nombre_cages": 0, "argent": "1.00", "date_creation": "2025-05-04T15:31:38.032Z", "tour": 0, "fin_du_jeu": false, "utilisateur": ["alex12"], "a_ajoute_ressources_tour": null}}, {"model": "lapin.elevage", "pk": 49, "fields": {"difficulte": "moyen", "nom_joueur": "55", "nombre_males": 0, "nombre_femelles": 0, "quantite_nourriture": 0, "nombre_cages": 0, "argent": "55.00", "date_creation": "2025-05-04T15:31:45.155Z", "tour": 0, "fin_du_jeu": false, "utilisateur": ["alex12"], "a_ajoute_ressources_tour": null}}, {"model": "lapin.elevage", "pk": 50, "fields": {"difficulte": "moyen", "nom_joueur": "ee", "nombre_males": 0, "nombre_femelles": 0, "quantite_nourriture": 0, "nombre_cages": 0, "argent": "36.00", "date_creation": "2025-05-04T15:31:53.675Z", "tour": 0, "fin_du_jeu": false, "utilisateur": ["alex12"], "a_ajoute_ressources_tour": null}}, {"model": "lapin.elevage", "pk": 51, "fields": {"difficulte": "moyen", "nom_joueur": "ded611", "nombre_males": 0, "nombre_femelles": 0, "quantite_nourriture": 0, "nombre_cages": 0, "argent": "151.00", "date_creation": "2025-05-05T12:28:31.889Z", "tour": 0, "fin_du_jeu": false, "utilisateur": ["bb"], "a_ajoute_ressources_tour": null}}, {"model": "lapin.elevage", "pk": 52, "fields": {"difficulte": "moyen", "nom_joueur": "test", "nombre_males": 2, "nombre_femelles": 0, "quantite_nourriture": 49000, "nombre_cages": 1, "argent": "500.00", "date_creation": "2025-05-06T09:32:42.409Z", "tour": 3, "fin_du_jeu": false, "utilisateur": ["alex12"], "a_ajoute_ressources_tour": 1}}, {"model": "lapin.elevage", "pk": 53, "fields": {"difficulte": "difficile", "nom_joueur": "poto", "nombre_males": 2, "nombre_femelles": 2, "quantite_nourriture": 300000, "nombre_cages": 1, "argent": "20.00", "date_creation": "2025-05-06T09:44:53.440Z", "tour": 1, "fin_du_jeu": false, "utilisateur": ["bb"], "a_ajoute_ressources_tour": null}}, {"model": "lapin.individu", "pk": 1, "fields": {"elevage": 1, "sexe": "M", "age": 22, "etat": "present"}}, {"model": "lapin.individu", "pk": 2, "fields": {"elevage": 2, "sexe": "F", "age": 3, "etat": "present"}}, {"model": "lapin.individu", "pk": 3, "fields": {"elevage": 2, "sexe": "F", "age": 13, "etat": "M"}}, {"model": "lapin.individu", "pk": 4, "fields": {"elevage": 8, "sexe": "F", "age": 3, "etat": "M"}}, {"model": "lapin.individu", "pk": 5, "fields": {"elevage": 8, "sexe": "F", "age": 2, "etat": "M"}}, {"model": "lapin.individu", "pk": 6, "fields": {"elevage": 8, "sexe": "M", "age": 2, "etat": "M"}}, {"model": "lapin.individu", "pk": 7, "fields": {"elevage": 8, "sexe": "M", "age": 2, "etat": "M"}}, {"model": "lapin.individu", "pk": 8, "fields": {"elevage": 8, "sexe": "M", "age": 11, "etat": "M"}}, {"model": "lapin.individu", "pk": 9, "fields": {"elevage": 8, "sexe": "F", "age": 12, "etat": "V"}}, {"model": "lapin.individu", "pk": 10, "fields": {"elevage": 8, "sexe": "F", "age": 21, "etat": "M"}}, {"model": "lapin.individu", "pk": 11, "fields": {"elevage": 9, "sexe": "M", "age": 0, "etat": "VENDU"}}, {"model": "lapin.individu", "pk": 12, "fields": {"elevage": 9, "sexe": "M", "age": 0, "etat": "VENDU"}}, {"model": "lapin.individu", "pk": 13, "fields": {"elevage": 9, "sexe": "M", "age": 0, "etat": "VENDU"}}, {"model": "lapin.individu", "pk": 14, "fields": {"elevage": 10, "sexe": "F", "age": 0, "etat": "VENDU"}}, {"model": "lapin.individu", "pk": 15, "fields": {"elevage": 10, "sexe": "M", "age": 0, "etat": "VENDU"}}, {"model": "lapin.individu", "pk": 16, "fields": {"elevage": 11, "sexe": "F", "age": 5, "etat": "M"}}, {"model": "lapin.individu", "pk": 17, "fields": {"elevage": 11, "sexe": "F", "age": 5, "etat": "M"}}, {"model": "lapin.individu", "pk": 18, "fields": {"elevage": 11, "sexe": "F", "age": 5, "etat": "M"}}, {"model": "lapin.individu", "pk": 19, "fields": {"elevage": 11, "sexe": "F", "age": 5, "etat": "M"}}, {"model": "lapin.individu", "pk": 20, "fields": {"elevage": 11, "sexe": "F", "age": 5, "etat": "M"}}, {"model": "lapin.individu", "pk": 21, "fields": {"elevage": 11, "sexe": "F", "age": 5, "etat": "M"}}, {"model": "lapin.individu", "pk": 22, "fields": {"elevage": 11, "sexe": "F", "age": 4, "etat": "M"}}, {"model": "lapin.individu", "pk": 23, "fields": {"elevage": 11, "sexe": "F", "age": 4, "etat": "M"}}, {"model": "lapin.individu", "pk": 24, "fields": {"elevage": 11, "sexe": "F", "age": 4, "etat": "M"}}, {"model": "lapin.individu", "pk": 25, "fields": {"elevage": 11, "sexe": "F", "age": 4, "etat": "M"}}, {"model": "lapin.individu", "pk": 26, "fields": {"elevage": 11, "sexe": "F", "age": 4, "etat": "M"}}, {"model": "lapin.individu", "pk": 27, "fields": {"elevage": 11, "sexe": "F", "age": 4, "etat": "M"}}, {"model": "lapin.individu", "pk": 28, "fields": {"elevage": 11, "sexe": "F", "age": 4, "etat": "M"}}, {"model": "lapin.individu", "pk": 29, "fields": {"elevage": 11, "sexe": "F", "age": 4, "etat": "M"}}, {"model": "lapin.individu", "pk": 30, "fields": {"elevage": 11, "sexe": "F", "age": 4, "etat": "M"}}, {"model": "lapin.individu", "pk": 31, "fields": {"elevage": 11, "sexe": "F", "age": 4, "etat": "M"}}, {"model": "lapin.individu", "pk": 32, "fields": {"elevage": 11, "sexe": "F", "age": 4, "etat": "M"}}, {"model": "lapin.individu", "pk": 33, "fields": {"elevage": 11, "sexe": "F", "age": 4, "etat": "M"}}, {"model": "lapin.individu", "pk": 34, "fields": {"elevage": 11, "sexe": "F", "age": 4, "etat": "M"}}, {"model": "lapin.individu", "pk": 35, "fields": {"elevage": 11, "sexe": "F", "age": 4, "etat": "M"}}, {"model": "lapin.individu", "pk": 36, "fields": {"elevage": 11, "sexe": "F", "age": 4, "etat": "M"}}, {"model": "lapin.individu", "pk": 37, "fields": {"elevage": 11, "sexe": "F", "age": 4, "etat": "M"}}, {"model": "lapin.individu", "pk": 38, "fields": {"elevage": 11, "sexe": "F", "age": 4, "etat": "M"}}, {"model": "lapin.individu", "pk": 39, "fields": {"elevage": 11, "sexe": "F", "age": 4, "etat": "M"}}, {"model": "lapin.individu", "pk": 40, "fields": {"elevage": 11, "sexe": "F", "age": 4, "etat": "M"}}, {"model": "lapin.individu", "pk": 41, "fields": {"elevage": 11, "sexe": "F", "age": 4, "etat": "M"}}, {"model": "lapin.individu", "pk": 42, "fields": {"elevage": 11, "sexe": "M", "age": 4, "etat": "M"}}, {"model": "lapin.individu", "pk": 43, "fields": {"elevage": 11, "sexe": "M", "age": 4, "etat": "M"}}, {"model": "lapin.individu", "pk": 44, "fields": {"elevage": 11, "sexe": "M", "age": 3, "etat": "M"}}, {"model": "lapin.individu", "pk": 45, "fields": {"elevage": 11, "sexe": "M", "age": 3, "etat": "M"}}, {"model": "lapin.individu", "pk": 46, "fields": {"elevage": 12, "sexe": "F", "age": 3, "etat": "M"}}, {"model": "lapin.individu", "pk": 47, "fields": {"elevage": 12, "sexe": "F", "age": 3, "etat": "M"}}, {"model": "lapin.individu", "pk": 48, "fields": {"elevage": 12, "sexe": "M", "age": 3, "etat": "M"}}, {"model": "lapin.individu", "pk": 49, "fields": {"elevage": 12, "sexe": "M", "age": 2, "etat": "M"}}, {"model": "lapin.individu", "pk": 50, "fields": {"elevage": 13, "sexe": "F", "age": 6, "etat": "VENDU"}}, {"model": "lapin.individu", "pk": 51, "fields": {"elevage": 13, "sexe": "F", "age": 6, "etat": "M"}}, {"model": "lapin.individu", "pk": 52, "fields": {"elevage": 13, "sexe": "M", "age": 6, "etat": "M"}}, {"model": "lapin.individu", "pk": 53, "fields": {"elevage": 13, "sexe": "M", "age": 6, "etat": "M"}}, {"model": "lapin.individu", "pk": 54, "fields": {"elevage": 14, "sexe": "F", "age": 31, "etat": "P"}}, {"model": "lapin.individu", "pk": 55, "fields": {"elevage": 14, "sexe": "F", "age": 31, "etat": "P"}}, {"model": "lapin.individu", "pk": 56, "fields": {"elevage": 14, "sexe": "M", "age": 31, "etat": "M"}}, {"model": "lapin.individu", "pk": 57, "fields": {"elevage": 14, "sexe": "M", "age": 31, "etat": "M"}}, {"model": "lapin.individu", "pk": 58, "fields": {"elevage": 14, "sexe": "F", "age": 5, "etat": "P"}}, {"model": "lapin.individu", "pk": 59, "fields": {"elevage": 14, "sexe": "M", "age": 5, "etat": "M"}}, {"model": "lapin.individu", "pk": 60, "fields": {"elevage": 14, "sexe": "F", "age": 5, "etat": "P"}}, {"model": "lapin.individu", "pk": 61, "fields": {"elevage": 14, "sexe": "M", "age": 3, "etat": "P"}}, {"model": "lapin.individu", "pk": 62, "fields": {"elevage": 14, "sexe": "F", "age": 3, "etat": "P"}}, {"model": "lapin.individu", "pk": 63, "fields": {"elevage": 14, "sexe": "F", "age": 3, "etat": "P"}}, {"model": "lapin.individu", "pk": 64, "fields": {"elevage": 14, "sexe": "M", "age": 3, "etat": "P"}}, {"model": "lapin.individu", "pk": 65, "fields": {"elevage": 14, "sexe": "F", "age": 3, "etat": "M"}}, {"model": "lapin.individu", "pk": 66, "fields": {"elevage": 14, "sexe": "F", "age": 2, "etat": "P"}}, {"model": "lapin.individu", "pk": 67, "fields": {"elevage": 14, "sexe": "F", "age": 2, "etat": "P"}}, {"model": "lapin.individu", "pk": 68, "fields": {"elevage": 14, "sexe": "M", "age": 2, "etat": "P"}}, {"model": "lapin.individu", "pk": 69, "fields": {"elevage": 14, "sexe": "M", "age": 2, "etat": "M"}}, {"model": "lapin.individu", "pk": 70, "fields": {"elevage": 14, "sexe": "F", "age": 1, "etat": "P"}}, {"model": "lapin.individu", "pk": 71, "fields": {"elevage": 14, "sexe": "F", "age": 1, "etat": "P"}}, {"model": "lapin.individu", "pk": 72, "fields": {"elevage": 14, "sexe": "F", "age": 1, "etat": "P"}}, {"model": "lapin.individu", "pk": 73, "fields": {"elevage": 14, "sexe": "F", "age": 1, "etat": "P"}}, {"model": "lapin.individu", "pk": 74, "fields": {"elevage": 15, "sexe": "F", "age": 4, "etat": "M"}}, {"model": "lapin.individu", "pk": 75, "fields": {"elevage": 15, "sexe": "F", "age": 4, "etat": "M"}}, {"model": "lapin.individu", "pk": 76, "fields": {"elevage": 15, "sexe": "M", "age": 4, "etat": "M"}}, {"model": "lapin.individu", "pk": 77, "fields": {"elevage": 15, "sexe": "M", "age": 3, "etat": "M"}}, {"model": "lapin.individu", "pk": 78, "fields": {"elevage": 16, "sexe": "F", "age": 10, "etat": "M"}}, {"model": "lapin.individu", "pk": 79, "fields": {"elevage": 16, "sexe": "F", "age": 9, "etat": "M"}}, {"model": "lapin.individu", "pk": 80, "fields": {"elevage": 16, "sexe": "M", "age": 9, "etat": "M"}}, {"model": "lapin.individu", "pk": 81, "fields": {"elevage": 16, "sexe": "M", "age": 9, "etat": "M"}}, {"model": "lapin.individu", "pk": 82, "fields": {"elevage": 16, "sexe": "M", "age": 2, "etat": "M"}}, {"model": "lapin.individu", "pk": 83, "fields": {"elevage": 16, "sexe": "M", "age": 2, "etat": "M"}}, {"model": "lapin.individu", "pk": 84, "fields": {"elevage": 16, "sexe": "M", "age": 2, "etat": "M"}}, {"model": "lapin.individu", "pk": 85, "fields": {"elevage": 16, "sexe": "M", "age": 2, "etat": "M"}}, {"model": "lapin.individu", "pk": 86, "fields": {"elevage": 16, "sexe": "F", "age": 2, "etat": "M"}}, {"model": "lapin.individu", "pk": 87, "fields": {"elevage": 16, "sexe": "F", "age": 2, "etat": "M"}}, {"model": "lapin.individu", "pk": 88, "fields": {"elevage": 16, "sexe": "F", "age": 2, "etat": "M"}}, {"model": "lapin.individu", "pk": 89, "fields": {"elevage": 16, "sexe": "F", "age": 2, "etat": "M"}}, {"model": "lapin.individu", "pk": 90, "fields": {"elevage": 17, "sexe": "F", "age": 13, "etat": "M"}}, {"model": "lapin.individu", "pk": 91, "fields": {"elevage": 17, "sexe": "F", "age": 12, "etat": "M"}}, {"model": "lapin.individu", "pk": 92, "fields": {"elevage": 17, "sexe": "F", "age": 18, "etat": "M"}}, {"model": "lapin.individu", "pk": 93, "fields": {"elevage": 17, "sexe": "M", "age": 11, "etat": "M"}}, {"model": "lapin.individu", "pk": 94, "fields": {"elevage": 17, "sexe": "F", "age": 7, "etat": "M"}}, {"model": "lapin.individu", "pk": 95, "fields": {"elevage": 17, "sexe": "M", "age": 6, "etat": "M"}}, {"model": "lapin.individu", "pk": 96, "fields": {"elevage": 17, "sexe": "M", "age": 6, "etat": "M"}}, {"model": "lapin.individu", "pk": 97, "fields": {"elevage": 17, "sexe": "M", "age": 11, "etat": "M"}}, {"model": "lapin.individu", "pk": 98, "fields": {"elevage": 17, "sexe": "F", "age": 6, "etat": "M"}}, {"model": "lapin.individu", "pk": 99, "fields": {"elevage": 17, "sexe": "M", "age": 4, "etat": "M"}}, {"model": "lapin.individu", "pk": 100, "fields": {"elevage": 17, "sexe": "F", "age": 4, "etat": "M"}}, {"model": "lapin.individu", "pk": 101, "fields": {"elevage": 17, "sexe": "M", "age": 3, "etat": "M"}}, {"model": "lapin.individu", "pk": 102, "fields": {"elevage": 17, "sexe": "F", "age": 3, "etat": "M"}}, {"model": "lapin.individu", "pk": 103, "fields": {"elevage": 17, "sexe": "M", "age": 3, "etat": "M"}}, {"model": "lapin.individu", "pk": 104, "fields": {"elevage": 17, "sexe": "M", "age": 6, "etat": "M"}}, {"model": "lapin.individu", "pk": 105, "fields": {"elevage": 17, "sexe": "F", "age": 3, "etat": "M"}}, {"model": "lapin.individu", "pk": 106, "fields": {"elevage": 17, "sexe": "F", "age": 6, "etat": "M"}}, {"model": "lapin.individu", "pk": 107, "fields": {"elevage": 17, "sexe": "M", "age": 2, "etat": "M"}}, {"model": "lapin.individu", "pk": 108, "fields": {"elevage": 17, "sexe": "F", "age": 5, "etat": "M"}}, {"model": "lapin.individu", "pk": 109, "fields": {"elevage": 17, "sexe": "M", "age": 5, "etat": "M"}}, {"model": "lapin.individu", "pk": 110, "fields": {"elevage": 17, "sexe": "F", "age": 9, "etat": "M"}}, {"model": "lapin.individu", "pk": 111, "fields": {"elevage": 17, "sexe": "F", "age": 2, "etat": "M"}}, {"model": "lapin.individu", "pk": 112, "fields": {"elevage": 17, "sexe": "F", "age": 2, "etat": "M"}}, {"model": "lapin.individu", "pk": 113, "fields": {"elevage": 17, "sexe": "M", "age": 2, "etat": "M"}}, {"model": "lapin.individu", "pk": 114, "fields": {"elevage": 17, "sexe": "F", "age": 2, "etat": "M"}}, {"model": "lapin.individu", "pk": 115, "fields": {"elevage": 17, "sexe": "M", "age": 8, "etat": "M"}}, {"model": "lapin.individu", "pk": 116, "fields": {"elevage": 17, "sexe": "F", "age": 4, "etat": "M"}}, {"model": "lapin.individu", "pk": 117, "fields": {"elevage": 17, "sexe": "M", "age": 8, "etat": "M"}}, {"model": "lapin.individu", "pk": 118, "fields": {"elevage": 17, "sexe": "M", "age": 2, "etat": "M"}}, {"model": "lapin.individu", "pk": 119, "fields": {"elevage": 17, "sexe": "F", "age": 7, "etat": "M"}}, {"model": "lapin.individu", "pk": 120, "fields": {"elevage": 17, "sexe": "F", "age": 7, "etat": "M"}}, {"model": "lapin.individu", "pk": 121, "fields": {"elevage": 17, "sexe": "F", "age": 4, "etat": "M"}}, {"model": "lapin.individu", "pk": 122, "fields": {"elevage": 17, "sexe": "F", "age": 3, "etat": "M"}}, {"model": "lapin.individu", "pk": 123, "fields": {"elevage": 17, "sexe": "F", "age": 3, "etat": "M"}}, {"model": "lapin.individu", "pk": 124, "fields": {"elevage": 17, "sexe": "M", "age": 13, "etat": "M"}}, {"model": "lapin.individu", "pk": 125, "fields": {"elevage": 17, "sexe": "M", "age": 2, "etat": "M"}}, {"model": "lapin.individu", "pk": 126, "fields": {"elevage": 17, "sexe": "M", "age": 2, "etat": "M"}}, {"model": "lapin.individu", "pk": 127, "fields": {"elevage": 17, "sexe": "M", "age": 2, "etat": "M"}}, {"model": "lapin.individu", "pk": 128, "fields": {"elevage": 17, "sexe": "M", "age": 2, "etat": "M"}}, {"model": "lapin.individu", "pk": 129, "fields": {"elevage": 17, "sexe": "M", "age": 13, "etat": "M"}}, {"model": "lapin.individu", "pk": 130, "fields": {"elevage": 17, "sexe": "M", "age": 13, "etat": "M"}}, {"model": "lapin.individu", "pk": 131, "fields": {"elevage": 17, "sexe": "F", "age": 11, "etat": "VENDU"}}, {"model": "lapin.individu", "pk": 132, "fields": {"elevage": 17, "sexe": "M", "age": 12, "etat": "M"}}, {"model": "lapin.individu", "pk": 133, "fields": {"elevage": 17, "sexe": "F", "age": 12, "etat": "VENDU"}}, {"model": "lapin.individu", "pk": 134, "fields": {"elevage": 17, "sexe": "M", "age": 4, "etat": "M"}}, {"model": "lapin.individu", "pk": 135, "fields": {"elevage": 17, "sexe": "M", "age": 5, "etat": "M"}}, {"model": "lapin.individu", "pk": 136, "fields": {"elevage": 17, "sexe": "M", "age": 3, "etat": "M"}}, {"model": "lapin.individu", "pk": 137, "fields": {"elevage": 17, "sexe": "M", "age": 9, "etat": "M"}}, {"model": "lapin.individu", "pk": 138, "fields": {"elevage": 17, "sexe": "M", "age": 9, "etat": "M"}}, {"model": "lapin.individu", "pk": 139, "fields": {"elevage": 17, "sexe": "F", "age": 2, "etat": "M"}}, {"model": "lapin.individu", "pk": 140, "fields": {"elevage": 17, "sexe": "M", "age": 2, "etat": "M"}}, {"model": "lapin.individu", "pk": 141, "fields": {"elevage": 17, "sexe": "F", "age": 5, "etat": "VENDU"}}, {"model": "lapin.individu", "pk": 142, "fields": {"elevage": 17, "sexe": "M", "age": 8, "etat": "M"}}, {"model": "lapin.individu", "pk": 143, "fields": {"elevage": 17, "sexe": "M", "age": 2, "etat": "M"}}, {"model": "lapin.individu", "pk": 144, "fields": {"elevage": 17, "sexe": "F", "age": 4, "etat": "M"}}, {"model": "lapin.individu", "pk": 145, "fields": {"elevage": 17, "sexe": "M", "age": 6, "etat": "M"}}, {"model": "lapin.individu", "pk": 146, "fields": {"elevage": 17, "sexe": "M", "age": 8, "etat": "M"}}, {"model": "lapin.individu", "pk": 147, "fields": {"elevage": 17, "sexe": "F", "age": 3, "etat": "M"}}, {"model": "lapin.individu", "pk": 148, "fields": {"elevage": 17, "sexe": "F", "age": 4, "etat": "VENDU"}}, {"model": "lapin.individu", "pk": 149, "fields": {"elevage": 17, "sexe": "M", "age": 4, "etat": "M"}}, {"model": "lapin.individu", "pk": 150, "fields": {"elevage": 17, "sexe": "M", "age": 4, "etat": "M"}}, {"model": "lapin.individu", "pk": 151, "fields": {"elevage": 17, "sexe": "F", "age": 2, "etat": "M"}}, {"model": "lapin.individu", "pk": 152, "fields": {"elevage": 17, "sexe": "M", "age": 6, "etat": "M"}}, {"model": "lapin.individu", "pk": 153, "fields": {"elevage": 17, "sexe": "M", "age": 2, "etat": "M"}}, {"model": "lapin.individu", "pk": 154, "fields": {"elevage": 17, "sexe": "F", "age": 5, "etat": "M"}}, {"model": "lapin.individu", "pk": 155, "fields": {"elevage": 17, "sexe": "F", "age": 3, "etat": "M"}}, {"model": "lapin.individu", "pk": 156, "fields": {"elevage": 17, "sexe": "M", "age": 5, "etat": "M"}}, {"model": "lapin.individu", "pk": 157, "fields": {"elevage": 17, "sexe": "M", "age": 2, "etat": "M"}}, {"model": "lapin.individu", "pk": 158, "fields": {"elevage": 17, "sexe": "M", "age": 5, "etat": "M"}}, {"model": "lapin.individu", "pk": 159, "fields": {"elevage": 17, "sexe": "F", "age": 3, "etat": "M"}}, {"model": "lapin.individu", "pk": 160, "fields": {"elevage": 17, "sexe": "F", "age": 3, "etat": "M"}}, {"model": "lapin.individu", "pk": 161, "fields": {"elevage": 17, "sexe": "F", "age": 4, "etat": "M"}}, {"model": "lapin.individu", "pk": 162, "fields": {"elevage": 17, "sexe": "M", "age": 3, "etat": "M"}}, {"model": "lapin.individu", "pk": 163, "fields": {"elevage": 17, "sexe": "M", "age": 3, "etat": "M"}}, {"model": "lapin.individu", "pk": 164, "fields": {"elevage": 18, "sexe": "F", "age": 9, "etat": "P"}}, {"model": "lapin.individu", "pk": 165, "fields": {"elevage": 18, "sexe": "M", "age": 8, "etat": "VENDU"}}, {"model": "lapin.individu", "pk": 166, "fields": {"elevage": 19, "sexe": "F", "age": 9, "etat": "M"}}, {"model": "lapin.individu", "pk": 167, "fields": {"elevage": 19, "sexe": "M", "age": 9, "etat": "M"}}, {"model": "lapin.individu", "pk": 168, "fields": {"elevage": 19, "sexe": "F", "age": 3, "etat": "M"}}, {"model": "lapin.individu", "pk": 169, "fields": {"elevage": 19, "sexe": "F", "age": 2, "etat": "M"}}, {"model": "lapin.individu", "pk": 170, "fields": {"elevage": 19, "sexe": "F", "age": 2, "etat": "M"}}, {"model": "lapin.individu", "pk": 171, "fields": {"elevage": 20, "sexe": "M", "age": 0, "etat": "VENDU"}}, {"model": "lapin.individu", "pk": 172, "fields": {"elevage": 21, "sexe": "M", "age": 0, "etat": "VENDU"}}, {"model": "lapin.individu", "pk": 173, "fields": {"elevage": 21, "sexe": "M", "age": 1, "etat": "VENDU"}}, {"model": "lapin.individu", "pk": 174, "fields": {"elevage": 22, "sexe": "M", "age": 2, "etat": "M"}}, {"model": "lapin.individu", "pk": 175, "fields": {"elevage": 22, "sexe": "M", "age": 2, "etat": "M"}}, {"model": "lapin.individu", "pk": 176, "fields": {"elevage": 23, "sexe": "F", "age": 11, "etat": "M"}}, {"model": "lapin.individu", "pk": 177, "fields": {"elevage": 23, "sexe": "F", "age": 11, "etat": "M"}}, {"model": "lapin.individu", "pk": 178, "fields": {"elevage": 23, "sexe": "M", "age": 8, "etat": "VENDU"}}, {"model": "lapin.individu", "pk": 179, "fields": {"elevage": 23, "sexe": "M", "age": 11, "etat": "M"}}, {"model": "lapin.individu", "pk": 180, "fields": {"elevage": 23, "sexe": "M", "age": 4, "etat": "M"}}, {"model": "lapin.individu", "pk": 181, "fields": {"elevage": 23, "sexe": "F", "age": 4, "etat": "M"}}, {"model": "lapin.individu", "pk": 182, "fields": {"elevage": 23, "sexe": "M", "age": 4, "etat": "M"}}, {"model": "lapin.individu", "pk": 183, "fields": {"elevage": 23, "sexe": "F", "age": 4, "etat": "M"}}, {"model": "lapin.individu", "pk": 184, "fields": {"elevage": 23, "sexe": "F", "age": 4, "etat": "M"}}, {"model": "lapin.individu", "pk": 185, "fields": {"elevage": 23, "sexe": "M", "age": 3, "etat": "M"}}, {"model": "lapin.individu", "pk": 186, "fields": {"elevage": 23, "sexe": "F", "age": 3, "etat": "M"}}, {"model": "lapin.individu", "pk": 187, "fields": {"elevage": 23, "sexe": "F", "age": 3, "etat": "M"}}, {"model": "lapin.individu", "pk": 188, "fields": {"elevage": 23, "sexe": "M", "age": 2, "etat": "M"}}, {"model": "lapin.individu", "pk": 189, "fields": {"elevage": 23, "sexe": "M", "age": 2, "etat": "M"}}, {"model": "lapin.individu", "pk": 190, "fields": {"elevage": 23, "sexe": "F", "age": 2, "etat": "M"}}, {"model": "lapin.individu", "pk": 191, "fields": {"elevage": 23, "sexe": "M", "age": 2, "etat": "M"}}, {"model": "lapin.individu", "pk": 192, "fields": {"elevage": 24, "sexe": "F", "age": 6, "etat": "M"}}, {"model": "lapin.individu", "pk": 193, "fields": {"elevage": 24, "sexe": "F", "age": 6, "etat": "M"}}, {"model": "lapin.individu", "pk": 194, "fields": {"elevage": 24, "sexe": "M", "age": 6, "etat": "M"}}, {"model": "lapin.individu", "pk": 195, "fields": {"elevage": 24, "sexe": "M", "age": 5, "etat": "M"}}, {"model": "lapin.individu", "pk": 196, "fields": {"elevage": 25, "sexe": "F", "age": 11, "etat": "M"}}, {"model": "lapin.individu", "pk": 197, "fields": {"elevage": 25, "sexe": "F", "age": 11, "etat": "M"}}, {"model": "lapin.individu", "pk": 198, "fields": {"elevage": 25, "sexe": "M", "age": 11, "etat": "M"}}, {"model": "lapin.individu", "pk": 199, "fields": {"elevage": 25, "sexe": "M", "age": 11, "etat": "M"}}, {"model": "lapin.individu", "pk": 200, "fields": {"elevage": 25, "sexe": "M", "age": 4, "etat": "M"}}, {"model": "lapin.individu", "pk": 201, "fields": {"elevage": 25, "sexe": "F", "age": 4, "etat": "M"}}, {"model": "lapin.individu", "pk": 202, "fields": {"elevage": 25, "sexe": "F", "age": 4, "etat": "M"}}, {"model": "lapin.individu", "pk": 203, "fields": {"elevage": 25, "sexe": "M", "age": 4, "etat": "M"}}, {"model": "lapin.individu", "pk": 204, "fields": {"elevage": 25, "sexe": "F", "age": 3, "etat": "M"}}, {"model": "lapin.individu", "pk": 205, "fields": {"elevage": 25, "sexe": "F", "age": 3, "etat": "M"}}, {"model": "lapin.individu", "pk": 206, "fields": {"elevage": 25, "sexe": "F", "age": 2, "etat": "M"}}, {"model": "lapin.individu", "pk": 207, "fields": {"elevage": 25, "sexe": "F", "age": 2, "etat": "M"}}, {"model": "lapin.individu", "pk": 208, "fields": {"elevage": 25, "sexe": "M", "age": 2, "etat": "M"}}, {"model": "lapin.individu", "pk": 209, "fields": {"elevage": 25, "sexe": "F", "age": 2, "etat": "M"}}, {"model": "lapin.individu", "pk": 210, "fields": {"elevage": 25, "sexe": "M", "age": 2, "etat": "M"}}, {"model": "lapin.individu", "pk": 211, "fields": {"elevage": 25, "sexe": "M", "age": 5, "etat": "M"}}, {"model": "lapin.individu", "pk": 212, "fields": {"elevage": 25, "sexe": "F", "age": 5, "etat": "M"}}, {"model": "lapin.individu", "pk": 213, "fields": {"elevage": 25, "sexe": "M", "age": 4, "etat": "M"}}, {"model": "lapin.individu", "pk": 214, "fields": {"elevage": 25, "sexe": "F", "age": 4, "etat": "M"}}, {"model": "lapin.individu", "pk": 215, "fields": {"elevage": 25, "sexe": "F", "age": 4, "etat": "M"}}, {"model": "lapin.individu", "pk": 216, "fields": {"elevage": 25, "sexe": "F", "age": 4, "etat": "M"}}, {"model": "lapin.individu", "pk": 217, "fields": {"elevage": 25, "sexe": "F", "age": 4, "etat": "M"}}, {"model": "lapin.individu", "pk": 218, "fields": {"elevage": 25, "sexe": "F", "age": 4, "etat": "M"}}, {"model": "lapin.individu", "pk": 223, "fields": {"elevage": 28, "sexe": "M", "age": 5, "etat": "VENDU"}}, {"model": "lapin.individu", "pk": 224, "fields": {"elevage": 28, "sexe": "M", "age": 5, "etat": "VENDU"}}, {"model": "lapin.individu", "pk": 225, "fields": {"elevage": 29, "sexe": "F", "age": 2, "etat": "VENDU"}}, {"model": "lapin.individu", "pk": 226, "fields": {"elevage": 29, "sexe": "F", "age": 2, "etat": "VENDU"}}, {"model": "lapin.individu", "pk": 227, "fields": {"elevage": 29, "sexe": "M", "age": 1, "etat": "VENDU"}}, {"model": "lapin.individu", "pk": 228, "fields": {"elevage": 29, "sexe": "M", "age": 1, "etat": "VENDU"}}, {"model": "lapin.individu", "pk": 229, "fields": {"elevage": 30, "sexe": "F", "age": 3, "etat": "VENDU"}}, {"model": "lapin.individu", "pk": 230, "fields": {"elevage": 30, "sexe": "F", "age": 3, "etat": "VENDU"}}, {"model": "lapin.individu", "pk": 231, "fields": {"elevage": 30, "sexe": "M", "age": 4, "etat": "VENDU"}}, {"model": "lapin.individu", "pk": 232, "fields": {"elevage": 30, "sexe": "M", "age": 2, "etat": "M"}}, {"model": "lapin.individu", "pk": 233, "fields": {"elevage": 31, "sexe": "F", "age": 6, "etat": "M"}}, {"model": "lapin.individu", "pk": 234, "fields": {"elevage": 31, "sexe": "F", "age": 6, "etat": "M"}}, {"model": "lapin.individu", "pk": 235, "fields": {"elevage": 31, "sexe": "M", "age": 6, "etat": "M"}}, {"model": "lapin.individu", "pk": 236, "fields": {"elevage": 31, "sexe": "M", "age": 5, "etat": "M"}}, {"model": "lapin.individu", "pk": 237, "fields": {"elevage": 32, "sexe": "F", "age": 9, "etat": "VENDU"}}, {"model": "lapin.individu", "pk": 238, "fields": {"elevage": 32, "sexe": "F", "age": 9, "etat": "VENDU"}}, {"model": "lapin.individu", "pk": 239, "fields": {"elevage": 32, "sexe": "M", "age": 7, "etat": "VENDU"}}, {"model": "lapin.individu", "pk": 240, "fields": {"elevage": 32, "sexe": "M", "age": 19, "etat": "M"}}, {"model": "lapin.individu", "pk": 241, "fields": {"elevage": 32, "sexe": "M", "age": 5, "etat": "M"}}, {"model": "lapin.individu", "pk": 242, "fields": {"elevage": 32, "sexe": "F", "age": 5, "etat": "M"}}, {"model": "lapin.individu", "pk": 243, "fields": {"elevage": 32, "sexe": "M", "age": 11, "etat": "M"}}, {"model": "lapin.individu", "pk": 244, "fields": {"elevage": 32, "sexe": "F", "age": 12, "etat": "M"}}, {"model": "lapin.individu", "pk": 245, "fields": {"elevage": 32, "sexe": "M", "age": 12, "etat": "M"}}, {"model": "lapin.individu", "pk": 246, "fields": {"elevage": 32, "sexe": "M", "age": 4, "etat": "M"}}, {"model": "lapin.individu", "pk": 247, "fields": {"elevage": 32, "sexe": "F", "age": 10, "etat": "M"}}, {"model": "lapin.individu", "pk": 248, "fields": {"elevage": 32, "sexe": "F", "age": 5, "etat": "M"}}, {"model": "lapin.individu", "pk": 249, "fields": {"elevage": 32, "sexe": "F", "age": 11, "etat": "M"}}, {"model": "lapin.individu", "pk": 250, "fields": {"elevage": 32, "sexe": "M", "age": 3, "etat": "M"}}, {"model": "lapin.individu", "pk": 251, "fields": {"elevage": 32, "sexe": "M", "age": 10, "etat": "M"}}, {"model": "lapin.individu", "pk": 252, "fields": {"elevage": 32, "sexe": "M", "age": 9, "etat": "M"}}, {"model": "lapin.individu", "pk": 253, "fields": {"elevage": 32, "sexe": "F", "age": 9, "etat": "M"}}, {"model": "lapin.individu", "pk": 254, "fields": {"elevage": 32, "sexe": "F", "age": 4, "etat": "M"}}, {"model": "lapin.individu", "pk": 255, "fields": {"elevage": 32, "sexe": "M", "age": 3, "etat": "M"}}, {"model": "lapin.individu", "pk": 256, "fields": {"elevage": 32, "sexe": "F", "age": 3, "etat": "M"}}, {"model": "lapin.individu", "pk": 257, "fields": {"elevage": 32, "sexe": "F", "age": 4, "etat": "M"}}, {"model": "lapin.individu", "pk": 258, "fields": {"elevage": 32, "sexe": "M", "age": 4, "etat": "M"}}, {"model": "lapin.individu", "pk": 259, "fields": {"elevage": 32, "sexe": "F", "age": 3, "etat": "M"}}, {"model": "lapin.individu", "pk": 260, "fields": {"elevage": 32, "sexe": "F", "age": 3, "etat": "M"}}, {"model": "lapin.individu", "pk": 261, "fields": {"elevage": 32, "sexe": "F", "age": 4, "etat": "M"}}, {"model": "lapin.individu", "pk": 262, "fields": {"elevage": 32, "sexe": "F", "age": 3, "etat": "M"}}, {"model": "lapin.individu", "pk": 263, "fields": {"elevage": 32, "sexe": "M", "age": 4, "etat": "M"}}, {"model": "lapin.individu", "pk": 264, "fields": {"elevage": 32, "sexe": "F", "age": 3, "etat": "M"}}, {"model": "lapin.individu", "pk": 265, "fields": {"elevage": 32, "sexe": "M", "age": 3, "etat": "M"}}, {"model": "lapin.individu", "pk": 266, "fields": {"elevage": 32, "sexe": "M", "age": 3, "etat": "M"}}, {"model": "lapin.individu", "pk": 267, "fields": {"elevage": 32, "sexe": "M", "age": 3, "etat": "M"}}, {"model": "lapin.individu", "pk": 268, "fields": {"elevage": 32, "sexe": "M", "age": 3, "etat": "M"}}, {"model": "lapin.individu", "pk": 269, "fields": {"elevage": 32, "sexe": "M", "age": 3, "etat": "M"}}, {"model": "lapin.individu", "pk": 270, "fields": {"elevage": 32, "sexe": "F", "age": 2, "etat": "M"}}, {"model": "lapin.individu", "pk": 271, "fields": {"elevage": 32, "sexe": "F", "age": 2, "etat": "M"}}, {"model": "lapin.individu", "pk": 272, "fields": {"elevage": 32, "sexe": "F", "age": 2, "etat": "M"}}, {"model": "lapin.individu", "pk": 273, "fields": {"elevage": 32, "sexe": "M", "age": 2, "etat": "M"}}, {"model": "lapin.individu", "pk": 274, "fields": {"elevage": 32, "sexe": "F", "age": 2, "etat": "M"}}, {"model": "lapin.individu", "pk": 275, "fields": {"elevage": 32, "sexe": "F", "age": 2, "etat": "M"}}, {"model": "lapin.individu", "pk": 276, "fields": {"elevage": 33, "sexe": "F", "age": 13, "etat": "M"}}, {"model": "lapin.individu", "pk": 277, "fields": {"elevage": 33, "sexe": "F", "age": 10, "etat": "M"}}, {"model": "lapin.individu", "pk": 278, "fields": {"elevage": 33, "sexe": "M", "age": 8, "etat": "VENDU"}}, {"model": "lapin.individu", "pk": 279, "fields": {"elevage": 33, "sexe": "M", "age": 5, "etat": "M"}}, {"model": "lapin.individu", "pk": 280, "fields": {"elevage": 33, "sexe": "M", "age": 1, "etat": "VENDU"}}, {"model": "lapin.individu", "pk": 281, "fields": {"elevage": 33, "sexe": "F", "age": 3, "etat": "M"}}, {"model": "lapin.individu", "pk": 282, "fields": {"elevage": 33, "sexe": "F", "age": 3, "etat": "M"}}, {"model": "lapin.individu", "pk": 283, "fields": {"elevage": 33, "sexe": "M", "age": 3, "etat": "M"}}, {"model": "lapin.individu", "pk": 284, "fields": {"elevage": 33, "sexe": "M", "age": 5, "etat": "M"}}, {"model": "lapin.individu", "pk": 285, "fields": {"elevage": 33, "sexe": "M", "age": 5, "etat": "M"}}, {"model": "lapin.individu", "pk": 286, "fields": {"elevage": 33, "sexe": "F", "age": 2, "etat": "M"}}, {"model": "lapin.individu", "pk": 287, "fields": {"elevage": 33, "sexe": "F", "age": 2, "etat": "M"}}, {"model": "lapin.individu", "pk": 288, "fields": {"elevage": 33, "sexe": "M", "age": 4, "etat": "M"}}, {"model": "lapin.individu", "pk": 289, "fields": {"elevage": 33, "sexe": "M", "age": 4, "etat": "M"}}, {"model": "lapin.individu", "pk": 290, "fields": {"elevage": 33, "sexe": "F", "age": 4, "etat": "M"}}, {"model": "lapin.individu", "pk": 291, "fields": {"elevage": 33, "sexe": "M", "age": 4, "etat": "M"}}, {"model": "lapin.individu", "pk": 292, "fields": {"elevage": 33, "sexe": "F", "age": 4, "etat": "M"}}, {"model": "lapin.individu", "pk": 293, "fields": {"elevage": 34, "sexe": "F", "age": 10, "etat": "M"}}, {"model": "lapin.individu", "pk": 294, "fields": {"elevage": 34, "sexe": "F", "age": 9, "etat": "M"}}, {"model": "lapin.individu", "pk": 295, "fields": {"elevage": 34, "sexe": "M", "age": 8, "etat": "VENDU"}}, {"model": "lapin.individu", "pk": 296, "fields": {"elevage": 34, "sexe": "M", "age": 9, "etat": "M"}}, {"model": "lapin.individu", "pk": 297, "fields": {"elevage": 34, "sexe": "M", "age": 2, "etat": "M"}}, {"model": "lapin.individu", "pk": 298, "fields": {"elevage": 34, "sexe": "M", "age": 2, "etat": "M"}}, {"model": "lapin.individu", "pk": 299, "fields": {"elevage": 34, "sexe": "M", "age": 2, "etat": "M"}}, {"model": "lapin.individu", "pk": 300, "fields": {"elevage": 34, "sexe": "F", "age": 2, "etat": "M"}}, {"model": "lapin.individu", "pk": 301, "fields": {"elevage": 34, "sexe": "F", "age": 2, "etat": "M"}}, {"model": "lapin.individu", "pk": 302, "fields": {"elevage": 34, "sexe": "F", "age": 2, "etat": "M"}}, {"model": "lapin.individu", "pk": 303, "fields": {"elevage": 34, "sexe": "F", "age": 2, "etat": "M"}}, {"model": "lapin.individu", "pk": 304, "fields": {"elevage": 34, "sexe": "M", "age": 2, "etat": "M"}}, {"model": "lapin.individu", "pk": 305, "fields": {"elevage": 34, "sexe": "F", "age": 2, "etat": "M"}}, {"model": "lapin.individu", "pk": 306, "fields": {"elevage": 34, "sexe": "M", "age": 2, "etat": "M"}}, {"model": "lapin.individu", "pk": 307, "fields": {"elevage": 14, "sexe": "M", "age": 0, "etat": "P"}}, {"model": "lapin.individu", "pk": 308, "fields": {"elevage": 14, "sexe": "M", "age": 0, "etat": "P"}}, {"model": "lapin.individu", "pk": 309, "fields": {"elevage": 14, "sexe": "F", "age": 0, "etat": "P"}}, {"model": "lapin.individu", "pk": 310, "fields": {"elevage": 14, "sexe": "F", "age": 0, "etat": "P"}}, {"model": "lapin.individu", "pk": 311, "fields": {"elevage": 18, "sexe": "F", "age": 1, "etat": "P"}}, {"model": "lapin.individu", "pk": 312, "fields": {"elevage": 18, "sexe": "F", "age": 1, "etat": "P"}}, {"model": "lapin.individu", "pk": 313, "fields": {"elevage": 18, "sexe": "F", "age": 0, "etat": "P"}}, {"model": "lapin.individu", "pk": 314, "fields": {"elevage": 18, "sexe": "F", "age": 0, "etat": "P"}}, {"model": "lapin.individu", "pk": 315, "fields": {"elevage": 18, "sexe": "M", "age": 0, "etat": "P"}}, {"model": "lapin.individu", "pk": 316, "fields": {"elevage": 18, "sexe": "F", "age": 0, "etat": "P"}}, {"model": "lapin.individu", "pk": 317, "fields": {"elevage": 35, "sexe": "F", "age": 1, "etat": "P"}}, {"model": "lapin.individu", "pk": 318, "fields": {"elevage": 35, "sexe": "F", "age": 1, "etat": "P"}}, {"model": "lapin.individu", "pk": 319, "fields": {"elevage": 35, "sexe": "F", "age": 1, "etat": "P"}}, {"model": "lapin.individu", "pk": 320, "fields": {"elevage": 35, "sexe": "M", "age": 1, "etat": "P"}}, {"model": "lapin.individu", "pk": 321, "fields": {"elevage": 35, "sexe": "M", "age": 1, "etat": "P"}}, {"model": "lapin.individu", "pk": 322, "fields": {"elevage": 35, "sexe": "M", "age": 1, "etat": "P"}}, {"model": "lapin.individu", "pk": 323, "fields": {"elevage": 36, "sexe": "F", "age": 1, "etat": "P"}}, {"model": "lapin.individu", "pk": 324, "fields": {"elevage": 36, "sexe": "F", "age": 1, "etat": "P"}}, {"model": "lapin.individu", "pk": 325, "fields": {"elevage": 36, "sexe": "M", "age": 1, "etat": "P"}}, {"model": "lapin.individu", "pk": 326, "fields": {"elevage": 36, "sexe": "M", "age": 1, "etat": "P"}}, {"model": "lapin.individu", "pk": 327, "fields": {"elevage": 37, "sexe": "F", "age": 6, "etat": "V"}}, {"model": "lapin.individu", "pk": 328, "fields": {"elevage": 37, "sexe": "F", "age": 6, "etat": "V"}}, {"model": "lapin.individu", "pk": 329, "fields": {"elevage": 37, "sexe": "M", "age": 6, "etat": "M"}}, {"model": "lapin.individu", "pk": 330, "fields": {"elevage": 37, "sexe": "M", "age": 5, "etat": "M"}}, {"model": "lapin.individu", "pk": 331, "fields": {"elevage": 38, "sexe": "F", "age": 9, "etat": "M"}}, {"model": "lapin.individu", "pk": 332, "fields": {"elevage": 38, "sexe": "F", "age": 8, "etat": "M"}}, {"model": "lapin.individu", "pk": 333, "fields": {"elevage": 38, "sexe": "M", "age": 2, "etat": "VENDU"}}, {"model": "lapin.individu", "pk": 334, "fields": {"elevage": 38, "sexe": "M", "age": 3, "etat": "VENDU"}}, {"model": "lapin.individu", "pk": 335, "fields": {"elevage": 39, "sexe": "F", "age": 15, "etat": "M"}}, {"model": "lapin.individu", "pk": 336, "fields": {"elevage": 39, "sexe": "F", "age": 14, "etat": "M"}}, {"model": "lapin.individu", "pk": 337, "fields": {"elevage": 39, "sexe": "M", "age": 2, "etat": "VENDU"}}, {"model": "lapin.individu", "pk": 338, "fields": {"elevage": 39, "sexe": "M", "age": 6, "etat": "M"}}, {"model": "lapin.individu", "pk": 339, "fields": {"elevage": 40, "sexe": "F", "age": 8, "etat": "P"}}, {"model": "lapin.individu", "pk": 340, "fields": {"elevage": 40, "sexe": "F", "age": 8, "etat": "P"}}, {"model": "lapin.individu", "pk": 341, "fields": {"elevage": 40, "sexe": "M", "age": 7, "etat": "VENDU"}}, {"model": "lapin.individu", "pk": 342, "fields": {"elevage": 40, "sexe": "M", "age": 7, "etat": "VENDU"}}, {"model": "lapin.individu", "pk": 343, "fields": {"elevage": 40, "sexe": "F", "age": 1, "etat": "P"}}, {"model": "lapin.individu", "pk": 344, "fields": {"elevage": 40, "sexe": "F", "age": 1, "etat": "P"}}, {"model": "lapin.individu", "pk": 345, "fields": {"elevage": 40, "sexe": "F", "age": 1, "etat": "P"}}, {"model": "lapin.individu", "pk": 346, "fields": {"elevage": 40, "sexe": "F", "age": 1, "etat": "P"}}, {"model": "lapin.individu", "pk": 347, "fields": {"elevage": 41, "sexe": "F", "age": 14, "etat": "M"}}, {"model": "lapin.individu", "pk": 348, "fields": {"elevage": 41, "sexe": "F", "age": 14, "etat": "M"}}, {"model": "lapin.individu", "pk": 349, "fields": {"elevage": 41, "sexe": "M", "age": 2, "etat": "VENDU"}}, {"model": "lapin.individu", "pk": 350, "fields": {"elevage": 41, "sexe": "M", "age": 14, "etat": "M"}}, {"model": "lapin.individu", "pk": 351, "fields": {"elevage": 41, "sexe": "F", "age": 6, "etat": "M"}}, {"model": "lapin.individu", "pk": 352, "fields": {"elevage": 41, "sexe": "F", "age": 6, "etat": "M"}}, {"model": "lapin.individu", "pk": 353, "fields": {"elevage": 41, "sexe": "F", "age": 6, "etat": "M"}}, {"model": "lapin.individu", "pk": 354, "fields": {"elevage": 41, "sexe": "F", "age": 6, "etat": "M"}}, {"model": "lapin.individu", "pk": 355, "fields": {"elevage": 41, "sexe": "F", "age": 5, "etat": "M"}}, {"model": "lapin.individu", "pk": 356, "fields": {"elevage": 41, "sexe": "M", "age": 4, "etat": "M"}}, {"model": "lapin.individu", "pk": 357, "fields": {"elevage": 41, "sexe": "M", "age": 2, "etat": "M"}}, {"model": "lapin.individu", "pk": 358, "fields": {"elevage": 41, "sexe": "F", "age": 2, "etat": "M"}}, {"model": "lapin.individu", "pk": 359, "fields": {"elevage": 41, "sexe": "M", "age": 3, "etat": "M"}}, {"model": "lapin.individu", "pk": 360, "fields": {"elevage": 41, "sexe": "F", "age": 3, "etat": "M"}}, {"model": "lapin.individu", "pk": 361, "fields": {"elevage": 41, "sexe": "F", "age": 3, "etat": "M"}}, {"model": "lapin.individu", "pk": 362, "fields": {"elevage": 41, "sexe": "F", "age": 2, "etat": "M"}}, {"model": "lapin.individu", "pk": 363, "fields": {"elevage": 41, "sexe": "M", "age": 2, "etat": "M"}}, {"model": "lapin.individu", "pk": 364, "fields": {"elevage": 41, "sexe": "F", "age": 2, "etat": "M"}}, {"model": "lapin.individu", "pk": 365, "fields": {"elevage": 41, "sexe": "F", "age": 2, "etat": "M"}}, {"model": "lapin.individu", "pk": 366, "fields": {"elevage": 41, "sexe": "M", "age": 2, "etat": "M"}}, {"model": "lapin.individu", "pk": 367, "fields": {"elevage": 41, "sexe": "F", "age": 2, "etat": "M"}}, {"model": "lapin.individu", "pk": 368, "fields": {"elevage": 41, "sexe": "F", "age": 2, "etat": "M"}}, {"model": "lapin.individu", "pk": 369, "fields": {"elevage": 41, "sexe": "F", "age": 2, "etat": "M"}}, {"model": "lapin.individu", "pk": 370, "fields": {"elevage": 41, "sexe": "M", "age": 2, "etat": "M"}}, {"model": "lapin.individu", "pk": 371, "fields": {"elevage": 42, "sexe": "F", "age": 0, "etat": "P"}}, {"model": "lapin.individu", "pk": 372, "fields": {"elevage": 42, "sexe": "F", "age": 0, "etat": "P"}}, {"model": "lapin.individu", "pk": 373, "fields": {"elevage": 42, "sexe": "M", "age": 0, "etat": "P"}}, {"model": "lapin.individu", "pk": 374, "fields": {"elevage": 42, "sexe": "M", "age": 0, "etat": "P"}}, {"model": "lapin.individu", "pk": 375, "fields": {"elevage": 43, "sexe": "F", "age": 0, "etat": "P"}}, {"model": "lapin.individu", "pk": 376, "fields": {"elevage": 43, "sexe": "F", "age": 0, "etat": "P"}}, {"model": "lapin.individu", "pk": 377, "fields": {"elevage": 43, "sexe": "F", "age": 0, "etat": "P"}}, {"model": "lapin.individu", "pk": 378, "fields": {"elevage": 43, "sexe": "M", "age": 0, "etat": "P"}}, {"model": "lapin.individu", "pk": 379, "fields": {"elevage": 43, "sexe": "M", "age": 0, "etat": "P"}}, {"model": "lapin.individu", "pk": 380, "fields": {"elevage": 52, "sexe": "M", "age": 3, "etat": "P"}}, {"model": "lapin.individu", "pk": 381, "fields": {"elevage": 52, "sexe": "M", "age": 3, "etat": "P"}}, {"model": "lapin.individu", "pk": 382, "fields": {"elevage": 53, "sexe": "F", "age": 1, "etat": "P"}}, {"model": "lapin.individu", "pk": 383, "fields": {"elevage": 53, "sexe": "F", "age": 1, "etat": "P"}}, {"model": "lapin.individu", "pk": 384, "fields": {"elevage": 53, "sexe": "M", "age": 1, "etat": "P"}}, {"model": "lapin.individu", "pk": 385, "fields": {"elevage": 53, "sexe": "M", "age": 1, "etat": "P"}}, {"model": "lapin.regle", "pk": 2, "fields": {"prix_nourriture": "0.010", "prix_cage": "10.00", "prix_vente_lapin": "50.00", "conso_2_mois": "3000.00", "conso_3_mois_et_plus": "7500.00", "age_min_gravide": 6, "age_max_gravide": 48, "duree_gestation": 1, "nb_max_par_portee": 4, "nb_max_individus_par_cage": 6, "seuil_surpopulation": 10}}, {"model": "lapin.client", "pk": 1, "fields": {"user": ["admin"], "is_premium": false}}, {"model": "lapin.client", "pk": 2, "fields": {"user": ["bb"], "is_premium": false}}, {"model": "lapin.client", "pk": 3, "fields": {"user": ["alex12"], "is_premium": true}}, {"model": "lapin.client", "pk": 4, "fields": {"user": ["test"], "is_premium": false}}, {"model": "lapin.sante", "pk": 1, "fields": {"vaccin": false, "malade": false, "individu": 1, "niveau_sante": 100, "vivant": true}}, {"model": "lapin.sante", "pk": 2, "fields": {"vaccin": false, "malade": false, "individu": 2, "niveau_sante": 100, "vivant": true}}, {"model": "lapin.sante", "pk": 3, "fields": {"vaccin": false, "malade": false, "individu": 380, "niveau_sante": 100, "vivant": true}}, {"model": "lapin.sante", "pk": 4, "fields": {"vaccin": false, "malade": false, "individu": 381, "niveau_sante": 100, "vivant": true}}, {"model": "lapin.sante", "pk": 5, "fields": {"vaccin": false, "malade": false, "individu": 382, "niveau_sante": 100, "vivant": true}}, {"model": "lapin.sante", "pk": 6, "fields": {"vaccin": false, "malade": false, "individu": 383, "niveau_sante": 100, "vivant": true}}, {"model": "lapin.sante", "pk": 7, "fields": {"vaccin": false, "malade": false, "individu": 384, "niveau_sante": 100, "vivant": true}}, {"model": "lapin.sante", "pk": 8, "fields": {"vaccin": false, "malade": false, "individu": 385, "niveau_sante": 100, "vivant": true}}, {"model": "lapin.tour", "pk": 1, "fields": {"numero": 0, "date": "2025-05-06T09:30:28.008Z", "elevage": 1, "nb_femelles_adultes": 0, "nb_males_adultes": 0, "nb_lapereaux": 2, "nb_naissances": 0, "nb_mortalites": 0}}, {"model": "lapin.tour", "pk": 2, "fields": {"numero": 0, "date": "2025-05-06T09:32:42.507Z", "elevage": 52, "nb_femelles_adultes": 0, "nb_males_adultes": 0, "nb_lapereaux": 2, "nb_naissances": 0, "nb_mortalites": 0}}, {"model": "lapin.tour", "pk": 3, "fields": {"numero": 1, "date": "2025-05-06T09:33:47.671Z", "elevage": 52, "nb_femelles_adultes": 0, "nb_males_adultes": 0, "nb_lapereaux": 0, "nb_naissances": 0, "nb_mortalites": 0}}, {"model": "lapin.tour", "pk": 4, "fields": {"numero": 2, "date": "2025-05-06T09:37:48.537Z", "elevage": 52, "nb_femelles_adultes": 0, "nb_males_adultes": 0, "nb_lapereaux": 2, "nb_naissances": 0, "nb_mortalites": 0}}, {"model": "lapin.tour", "pk": 5, "fields": {"numero": 3, "date": "2025-05-06T09:39:41.950Z", "elevage": 52, "nb_femelles_adultes": 0, "nb_males_adultes": 2, "nb_lapereaux": 0, "nb_naissances": 0, "nb_mortalites": 0}}, {"model": "lapin.tour", "pk": 6, "fields": {"numero": 0, "date": "2025-05-06T09:44:53.557Z", "elevage": 53, "nb_femelles_adultes": 0, "nb_males_adultes": 0, "nb_lapereaux": 4, "nb_naissances": 0, "nb_mortalites": 0}}, {"model": "lapin.tour", "pk": 7, "fields": {"numero": 1, "date": "2025-05-06T09:45:38.591Z", "elevage": 53, "nb_femelles_adultes": 0, "nb_males_adultes": 0, "nb_lapereaux": 0, "nb_naissances": 0, "nb_mortalites": 0}}]